Frame Index,Inference Time (s),Device,Input Type
0,0.1592559814,cpu,image
1,0.0790567398,cpu,image
2,0.0637300014,cpu,image
3,0.0846300125,cpu,image
4,0.057561636,cpu,image
5,0.0636730194,cpu,image
6,0.0636575222,cpu,image
7,0.0794813633,cpu,image
8,0.0795814991,cpu,image
9,0.0639047623,cpu,image
10,0.0796136856,cpu,image
11,0.0796253681,cpu,image
12,0.0837519169,cpu,image
13,0.063218832,cpu,image
14,0.0751404762,cpu,image
15,0.0640118122,cpu,image
16,0.0792496204,cpu,image
17,0.0636570454,cpu,image
18,0.0805957317,cpu,image
19,0.0625777245,cpu,image
20,0.0791592598,cpu,image
21,0.062887907,cpu,image
22,0.0796284676,cpu,image
23,0.063256979,cpu,image
24,0.0788302422,cpu,image
25,0.0638699532,cpu,image
26,0.0846693516,cpu,image
27,0.0741672516,cpu,image
28,0.0638179779,cpu,image
29,0.0638980865,cpu,image
30,0.0791215897,cpu,image
31,0.0629262924,cpu,image
32,0.0877218246,cpu,image
33,0.0729691982,cpu,image
34,0.0810849667,cpu,image
35,0.0720002651,cpu,image
36,0.0638203621,cpu,image
37,0.0793981552,cpu,image
38,0.0654041767,cpu,image
39,0.0776534081,cpu,image
40,0.067833662,cpu,image
41,0.0782697201,cpu,image
42,0.0649416447,cpu,image
43,0.0646193027,cpu,image
44,0.0731735229,cpu,image
45,0.0679965019,cpu,image
46,0.0741386414,cpu,image
47,0.0798270702,cpu,image
48,0.0640347004,cpu,image
49,0.0803039074,cpu,image
50,0.0723385811,cpu,image
51,0.0686426163,cpu,image
52,0.063952446,cpu,image
53,0.079679966,cpu,image
54,0.0636913776,cpu,image
55,0.0786826611,cpu,image
56,0.0698654652,cpu,image
57,0.073425293,cpu,image
58,0.0656104088,cpu,image
59,0.0771410465,cpu,image
60,0.0632901192,cpu,image
61,0.0788402557,cpu,image
62,0.0638051033,cpu,image
63,0.063388586,cpu,image
64,0.0788724422,cpu,image
65,0.0801033974,cpu,image
66,0.0629763603,cpu,image
67,0.0797204971,cpu,image
68,0.0637040138,cpu,image
69,0.0791666508,cpu,image
70,0.063699007,cpu,image
71,0.0635871887,cpu,image
72,0.0790531635,cpu,image
73,0.0792675018,cpu,image
74,0.0654220581,cpu,image
75,0.0753245354,cpu,image
76,0.0658240318,cpu,image
77,0.0773646832,cpu,image
78,0.0636293888,cpu,image
79,0.0810146332,cpu,image
80,0.065472126,cpu,image
81,0.0754723549,cpu,image
82,0.0944440365,cpu,image
83,0.0631542206,cpu,image
84,0.0842316151,cpu,image
85,0.0593678951,cpu,image
86,0.0670433044,cpu,image
87,0.0766530037,cpu,image
88,0.0766470432,cpu,image
89,0.0619251728,cpu,image
90,0.0796508789,cpu,image
91,0.067769289,cpu,image
92,0.0757009983,cpu,image
93,0.0628507137,cpu,image
94,0.0791056156,cpu,image
95,0.0632939339,cpu,image
96,0.0676105022,cpu,image
97,0.0784816742,cpu,image
98,0.0598225594,cpu,image
99,0.0809209347,cpu,image
100,0.0782780647,cpu,image
101,0.0634031296,cpu,image
102,0.0866601467,cpu,image
103,0.0561020374,cpu,image
104,0.0632052422,cpu,image
105,0.0628085136,cpu,image
106,0.0804588795,cpu,image
107,0.0622010231,cpu,image
108,0.0792460442,cpu,image
109,0.0788590908,cpu,image
110,0.0851650238,cpu,image
111,0.0574867725,cpu,image
112,0.0954520702,cpu,image
113,0.0636949539,cpu,image
114,0.0672574043,cpu,image
115,0.0750048161,cpu,image
116,0.0636749268,cpu,image
117,0.0824491978,cpu,image
118,0.0763015747,cpu,image
119,0.0795931816,cpu,image
120,0.0631477833,cpu,image
121,0.0633387566,cpu,image
122,0.0791687965,cpu,image
123,0.0789380074,cpu,image
124,0.0637612343,cpu,image
125,0.0829131603,cpu,image
126,0.0596220493,cpu,image
127,0.0792324543,cpu,image
128,0.0637900829,cpu,image
129,0.0636532307,cpu,image
130,0.0804986954,cpu,image
131,0.0643498898,cpu,image
132,0.0771508217,cpu,image
133,0.0630698204,cpu,image
134,0.0638854504,cpu,image
135,0.0795707703,cpu,image
136,0.0655667782,cpu,image
137,0.0609691143,cpu,image
138,0.0792613029,cpu,image
139,0.0805637836,cpu,image
140,0.0624144077,cpu,image
141,0.0826101303,cpu,image
142,0.0592882633,cpu,image
143,0.0789756775,cpu,image
144,0.0792586803,cpu,image
145,0.0792672634,cpu,image
146,0.0712106228,cpu,image
147,0.0563340187,cpu,image
148,0.093909502,cpu,image
149,0.0633897781,cpu,image
150,0.0635166168,cpu,image
151,0.0795660019,cpu,image
152,0.0830254555,cpu,image
153,0.0598833561,cpu,image
154,0.0791652203,cpu,image
155,0.0632314682,cpu,image
156,0.0790057182,cpu,image
157,0.06311059,cpu,image
158,0.079949379,cpu,image
159,0.0710682869,cpu,image
160,0.0770142078,cpu,image
161,0.0618445873,cpu,image
162,0.074795723,cpu,image
163,0.0636298656,cpu,image
164,0.0809099674,cpu,image
165,0.0808398724,cpu,image
166,0.0781292915,cpu,image
167,0.0687429905,cpu,image
168,0.0549893379,cpu,image
169,0.0801086426,cpu,image
170,0.063747406,cpu,image
171,0.0796055794,cpu,image
172,0.0637946129,cpu,image
173,0.0799529552,cpu,image
174,0.0633363724,cpu,image
175,0.0792489052,cpu,image
176,0.0634152889,cpu,image
177,0.079403162,cpu,image
178,0.0635852814,cpu,image
179,0.0796771049,cpu,image
180,0.0638165474,cpu,image
181,0.0850183964,cpu,image
182,0.0584187508,cpu,image
183,0.0794930458,cpu,image
184,0.0797345638,cpu,image
185,0.0857121944,cpu,image
186,0.0751287937,cpu,image
187,0.0623180866,cpu,image
188,0.0792078972,cpu,image
189,0.0632030964,cpu,image
190,0.0786662102,cpu,image
191,0.0934305191,cpu,image
192,0.0790159702,cpu,image
193,0.0798647404,cpu,image
194,0.0619854927,cpu,image
195,0.0791084766,cpu,image
196,0.0632214546,cpu,image
197,0.0787947178,cpu,image
198,0.0641012192,cpu,image
199,0.0810375214,cpu,image
200,0.0660021305,cpu,image
201,0.076836586,cpu,image
202,0.0615262985,cpu,image
203,0.0798931122,cpu,image
204,0.0805521011,cpu,image
205,0.0628347397,cpu,image
206,0.0771458149,cpu,image
207,0.077798605,cpu,image
208,0.0733280182,cpu,image
209,0.0733041763,cpu,image
210,0.0592513084,cpu,image
211,0.0872094631,cpu,image
212,0.0619475842,cpu,image
213,0.077385664,cpu,image
214,0.0772395134,cpu,image
215,0.0602121353,cpu,image
216,0.0784373283,cpu,image
217,0.0632183552,cpu,image
218,0.0635042191,cpu,image
219,0.079205513,cpu,image
220,0.0634992123,cpu,image
221,0.0796329975,cpu,image
222,0.0637016296,cpu,image
223,0.0952837467,cpu,image
224,0.0632374287,cpu,image
225,0.0685982704,cpu,image
226,0.0631082058,cpu,image
227,0.0633411407,cpu,image
228,0.0851757526,cpu,image
229,0.075398922,cpu,image
230,0.0736935139,cpu,image
231,0.0688598156,cpu,image
232,0.0617837906,cpu,image
233,0.0642278194,cpu,image
234,0.0809981823,cpu,image
235,0.0772633553,cpu,image
236,0.0635626316,cpu,image
237,0.0783331394,cpu,image
238,0.0633006096,cpu,image
239,0.0677146912,cpu,image
240,0.071693182,cpu,image
241,0.069370985,cpu,image
242,0.0606527328,cpu,image
243,0.0793294907,cpu,image
244,0.0811192989,cpu,image
245,0.0784709454,cpu,image
246,0.063523531,cpu,image
247,0.0678899288,cpu,image
248,0.0752568245,cpu,image
249,0.0786924362,cpu,image
250,0.0694003105,cpu,image
251,0.0741107464,cpu,image
252,0.0634317398,cpu,image
253,0.0810816288,cpu,image
254,0.0674138069,cpu,image
255,0.073359251,cpu,image
256,0.079334259,cpu,image
257,0.0626859665,cpu,image
258,0.0632209778,cpu,image
259,0.0790550709,cpu,image
260,0.0637745857,cpu,image
261,0.0707774162,cpu,image
262,0.0725815296,cpu,image
263,0.0631160736,cpu,image
264,0.0636334419,cpu,image
265,0.0796003342,cpu,image
266,0.0636250973,cpu,image
267,0.0792634487,cpu,image
268,0.0793495178,cpu,image
269,0.0632190704,cpu,image
270,0.0634467602,cpu,image
271,0.0784971714,cpu,image
272,0.0627763271,cpu,image
273,0.0789737701,cpu,image
274,0.0635583401,cpu,image
275,0.0677235126,cpu,image
276,0.0757172108,cpu,image
277,0.0663583279,cpu,image
278,0.0684604645,cpu,image
279,0.0719063282,cpu,image
280,0.0632846355,cpu,image
281,0.0949106216,cpu,image
282,0.0735628605,cpu,image
283,0.0698144436,cpu,image
284,0.0642621517,cpu,image
285,0.0785572529,cpu,image
286,0.067327261,cpu,image
287,0.0745260715,cpu,image
288,0.0635607243,cpu,image
289,0.063372612,cpu,image
290,0.0835046768,cpu,image
291,0.0747859478,cpu,image
292,0.0643718243,cpu,image
293,0.0801870823,cpu,image
294,0.0799198151,cpu,image
295,0.0786552429,cpu,image
296,0.0673720837,cpu,image
297,0.075753212,cpu,image
298,0.0633552074,cpu,image
299,0.079148531,cpu,image
300,0.0635859966,cpu,image
301,0.1279821396,cpu,image
302,0.0822312832,cpu,image
303,0.0795958042,cpu,image
304,0.0814020634,cpu,image
305,0.0751547813,cpu,image
306,0.0638279915,cpu,image
307,0.0633971691,cpu,image
308,0.0793600082,cpu,image
309,0.0794100761,cpu,image
310,0.0793187618,cpu,image
311,0.0830655098,cpu,image
312,0.0654819012,cpu,image
313,0.072977066,cpu,image
314,0.0633356571,cpu,image
315,0.0785181522,cpu,image
316,0.0813884735,cpu,image
317,0.0685679913,cpu,image
318,0.07883358,cpu,image
319,0.0672638416,cpu,image
320,0.0690114498,cpu,image
321,0.0689463615,cpu,image
322,0.0731909275,cpu,image
323,0.079110384,cpu,image
324,0.0635442734,cpu,image
325,0.063811779,cpu,image
326,0.0822761059,cpu,image
327,0.0605370998,cpu,image
328,0.06696105,cpu,image
329,0.0598158836,cpu,image
330,0.1275122166,cpu,image
331,0.0852746964,cpu,image
332,0.0717065334,cpu,image
333,0.0719487667,cpu,image
334,0.0640666485,cpu,image
335,0.0678603649,cpu,image
336,0.0770521164,cpu,image
337,0.0826804638,cpu,image
338,0.0655610561,cpu,image
339,0.0636987686,cpu,image
340,0.0626020432,cpu,image
341,0.0864026546,cpu,image
342,0.0727894306,cpu,image
343,0.0802009106,cpu,image
344,0.0632779598,cpu,image
345,0.0793805122,cpu,image
346,0.0640010834,cpu,image
347,0.0795483589,cpu,image
348,0.0671253204,cpu,image
349,0.0754771233,cpu,image
350,0.0631892681,cpu,image
351,0.0790286064,cpu,image
352,0.0796377659,cpu,image
353,0.0693962574,cpu,image
354,0.0591971874,cpu,image
355,0.0784296989,cpu,image
356,0.0647621155,cpu,image
357,0.0774416924,cpu,image
358,0.112259388,cpu,image
359,0.0833294392,cpu,image
360,0.0761418343,cpu,image
361,0.0643200874,cpu,image
362,0.0632879734,cpu,image
363,0.0821318626,cpu,image
364,0.0772609711,cpu,image
365,0.1157946587,cpu,image
366,0.0747373104,cpu,image
367,0.0670819283,cpu,image
368,0.0602648258,cpu,image
369,0.0798325539,cpu,image
370,0.0655272007,cpu,image
371,0.0774407387,cpu,image
372,0.063149929,cpu,image
373,0.0795960426,cpu,image
374,0.0637392998,cpu,image
375,0.079228878,cpu,image
376,0.0680959225,cpu,image
377,0.0557107925,cpu,image
378,0.0790534019,cpu,image
379,0.0664145947,cpu,image
380,0.077378273,cpu,image
381,0.0799562931,cpu,image
382,0.0727086067,cpu,image
383,0.0767958164,cpu,image
384,0.0684101582,cpu,image
385,0.0736937523,cpu,image
386,0.0742006302,cpu,image
387,0.0683813095,cpu,image
388,0.0674364567,cpu,image
389,0.0753004551,cpu,image
390,0.0795638561,cpu,image
391,0.0795226097,cpu,image
392,0.0638866425,cpu,image
393,0.0788943768,cpu,image
394,0.0798506737,cpu,image
395,0.0636284351,cpu,image
396,0.079485178,cpu,image
397,0.0794363022,cpu,image
398,0.0633664131,cpu,image
399,0.063662529,cpu,image
400,0.0791623592,cpu,image
401,0.0792613029,cpu,image
402,0.0784189701,cpu,image
403,0.0632519722,cpu,image
404,0.0788314342,cpu,image
405,0.0635840893,cpu,image
406,0.0789217949,cpu,image
407,0.0636396408,cpu,image
408,0.0795004368,cpu,image
409,0.0638802052,cpu,image
410,0.0636339188,cpu,image
411,0.0799245834,cpu,image
412,0.0637533665,cpu,image
413,0.0645642281,cpu,image
414,0.1274299622,cpu,image
415,0.0797569752,cpu,image
416,0.0842926502,cpu,image
417,0.062469244,cpu,image
418,0.0796325207,cpu,image
419,0.0578556061,cpu,image
420,0.0949475765,cpu,image
421,0.0629074574,cpu,image
422,0.0795359612,cpu,image
423,0.0828535557,cpu,image
424,0.0677134991,cpu,image
425,0.1196975708,cpu,image
426,0.0633900166,cpu,image
427,0.079105854,cpu,image
428,0.063806057,cpu,image
429,0.0789787769,cpu,image
430,0.0640950203,cpu,image
431,0.0633711815,cpu,image
432,0.0636248589,cpu,image
433,0.079177618,cpu,image
434,0.0635921955,cpu,image
435,0.0795502663,cpu,image
436,0.0633065701,cpu,image
437,0.0822453499,cpu,image
438,0.0716943741,cpu,image
439,0.0682959557,cpu,image
440,0.0793924332,cpu,image
441,0.0631797314,cpu,image
442,0.0697808266,cpu,image
443,0.0726380348,cpu,image
444,0.084328413,cpu,image
445,0.073482275,cpu,image
446,0.0659275055,cpu,image
447,0.0769252777,cpu,image
448,0.0788047314,cpu,image
449,0.0827639103,cpu,image
450,0.0600883961,cpu,image
451,0.0790932178,cpu,image
452,0.0691730976,cpu,image
453,0.0623660088,cpu,image
454,0.0755233765,cpu,image
455,0.0634968281,cpu,image
456,0.0793614388,cpu,image
457,0.0632326603,cpu,image
458,0.0671412945,cpu,image
459,0.0757405758,cpu,image
460,0.0796518326,cpu,image
461,0.0638244152,cpu,image
462,0.0783777237,cpu,image
463,0.0784878731,cpu,image
464,0.0795869827,cpu,image
465,0.0636470318,cpu,image
466,0.0629603863,cpu,image
467,0.1752638817,cpu,image
468,0.0670204163,cpu,image
469,0.0755524635,cpu,image
470,0.0611634254,cpu,image
471,0.0805430412,cpu,image
472,0.0618600845,cpu,image
473,0.0695240498,cpu,image
474,0.0729293823,cpu,image
475,0.0633199215,cpu,image
476,0.06341362,cpu,image
477,0.0648932457,cpu,image
478,0.0654435158,cpu,image
479,0.0808906555,cpu,image
480,0.0758652687,cpu,image
481,0.0758478642,cpu,image
482,0.0796134472,cpu,image
483,0.0799438953,cpu,image
484,0.0790433884,cpu,image
485,0.0665445328,cpu,image
486,0.0607533455,cpu,image
487,0.0795092583,cpu,image
488,0.0648853779,cpu,image
489,0.0762536526,cpu,image
490,0.06280756,cpu,image
491,0.0791974068,cpu,image
492,0.064050436,cpu,image
493,0.1275236607,cpu,image
494,0.1435325146,cpu,image
495,0.0674784184,cpu,image
496,0.06381917,cpu,image
497,0.0641605854,cpu,image
498,0.0830411911,cpu,image
499,0.0599384308,cpu,image
500,0.0810904503,cpu,image
501,0.0612962246,cpu,image
502,0.0638837814,cpu,image
503,0.0889489651,cpu,image
504,0.0694739819,cpu,image
505,0.0632708073,cpu,image
506,0.0818200111,cpu,image
507,0.0768680573,cpu,image
508,0.0795853138,cpu,image
509,0.0633847713,cpu,image
510,0.0635621548,cpu,image
511,0.0787606239,cpu,image
512,0.070959568,cpu,image
513,0.0710856915,cpu,image
514,0.0638871193,cpu,image
515,0.0639958382,cpu,image
516,0.0793862343,cpu,image
517,0.0650689602,cpu,image
518,0.0813601017,cpu,image
519,0.0618698597,cpu,image
520,0.0752925873,cpu,image
521,0.0822069645,cpu,image
522,0.0612757206,cpu,image
523,0.0791802406,cpu,image
524,0.0782077312,cpu,image
525,0.0637302399,cpu,image
526,0.0673413277,cpu,image
527,0.0751326084,cpu,image
528,0.0637509823,cpu,image
529,0.0656323433,cpu,image
530,0.1255781651,cpu,image
531,0.0978245735,cpu,image
532,0.0610387325,cpu,image
533,0.0838491917,cpu,image
534,0.0587227345,cpu,image
535,0.0636334419,cpu,image
536,0.0638234615,cpu,image
537,0.079625845,cpu,image
538,0.0635931492,cpu,image
539,0.084795475,cpu,image
540,0.0782012939,cpu,image
541,0.0768713951,cpu,image
542,0.0787587166,cpu,image
543,0.0792148113,cpu,image
544,0.0836837292,cpu,image
545,0.0666787624,cpu,image
546,0.0709869862,cpu,image
547,0.0840494633,cpu,image
548,0.0631780624,cpu,image
549,0.0748558044,cpu,image
550,0.0635135174,cpu,image
551,0.0639843941,cpu,image
552,0.0793032646,cpu,image
553,0.0637924671,cpu,image
554,0.0642869473,cpu,image
555,0.0632073879,cpu,image
556,0.0733463764,cpu,image
557,0.0689823627,cpu,image
558,0.0636708736,cpu,image
559,0.0791287422,cpu,image
560,0.0681536198,cpu,image
561,0.0597469807,cpu,image
562,0.0792007446,cpu,image
563,0.0830674171,cpu,image
564,0.0602519512,cpu,image
565,0.0789532661,cpu,image
566,0.06396842,cpu,image
567,0.0798397064,cpu,image
568,0.0633614063,cpu,image
569,0.0794374943,cpu,image
570,0.0631937981,cpu,image
571,0.0760915279,cpu,image
572,0.0725212097,cpu,image
573,0.0660467148,cpu,image
574,0.0769000053,cpu,image
575,0.063788414,cpu,image
576,0.0789136887,cpu,image
577,0.0791871548,cpu,image
578,0.0734949112,cpu,image
579,0.0686435699,cpu,image
580,0.0636544228,cpu,image
581,0.0791611671,cpu,image
582,0.068955183,cpu,image
583,0.0734395981,cpu,image
584,0.0652775764,cpu,image
585,0.0619621277,cpu,image
586,0.0794506073,cpu,image
587,0.0635995865,cpu,image
588,0.0819487572,cpu,image
589,0.0769066811,cpu,image
590,0.0636124611,cpu,image
591,0.0796689987,cpu,image
592,0.0803148746,cpu,image
593,0.0643601418,cpu,image
594,0.0768806934,cpu,image
595,0.0639116764,cpu,image
596,0.0793654919,cpu,image
597,0.0634548664,cpu,image
598,0.0638763905,cpu,image
599,0.0799744129,cpu,image
600,0.0639281273,cpu,image
601,0.0797736645,cpu,image
602,0.0798473358,cpu,image
603,0.0640366077,cpu,image
604,0.0861017704,cpu,image
605,0.064745903,cpu,image
606,0.0726802349,cpu,image
607,0.0626120567,cpu,image
608,0.0795717239,cpu,image
609,0.079035759,cpu,image
610,0.0676465034,cpu,image
611,0.0750999451,cpu,image
612,0.0635876656,cpu,image
613,0.0819451809,cpu,image
614,0.0608124733,cpu,image
615,0.0622880459,cpu,image
616,0.0833702087,cpu,image
617,0.0593147278,cpu,image
618,0.1122126579,cpu,image
619,0.0618963242,cpu,image
620,0.0793440342,cpu,image
621,0.0632572174,cpu,image
622,0.0792295933,cpu,image
623,0.0800898075,cpu,image
624,0.062974453,cpu,image
625,0.0638206005,cpu,image
626,0.0793766975,cpu,image
627,0.0635831356,cpu,image
628,0.0793049335,cpu,image
629,0.0793781281,cpu,image
630,0.0650486946,cpu,image
631,0.0771198273,cpu,image
632,0.0682377815,cpu,image
633,0.0742185116,cpu,image
634,0.0629823208,cpu,image
635,0.0789318085,cpu,image
636,0.0636634827,cpu,image
637,0.079461813,cpu,image
638,0.0635151863,cpu,image
639,0.0791969299,cpu,image
640,0.0804667473,cpu,image
641,0.1085312366,cpu,image
642,0.0873548985,cpu,image
643,0.0564661026,cpu,image
644,0.0792777538,cpu,image
645,0.0797479153,cpu,image
646,0.0800521374,cpu,image
647,0.0789422989,cpu,image
648,0.0638210773,cpu,image
649,0.0788187981,cpu,image
650,0.0790934563,cpu,image
651,0.0648107529,cpu,image
652,0.0773179531,cpu,image
653,0.06919837,cpu,image
654,0.0737941265,cpu,image
655,0.0789141655,cpu,image
656,0.063565731,cpu,image
657,0.0796051025,cpu,image
658,0.0654737949,cpu,image
659,0.0783200264,cpu,image
660,0.0659441948,cpu,image
661,0.0814814568,cpu,image
662,0.0722532272,cpu,image
663,0.0644652843,cpu,image
664,0.0732429028,cpu,image
665,0.0679142475,cpu,image
666,0.0636589527,cpu,image
667,0.0803258419,cpu,image
668,0.0637876987,cpu,image
669,0.0792307854,cpu,image
670,0.0640013218,cpu,image
671,0.0958001614,cpu,image
672,0.0638008118,cpu,image
673,0.0635516644,cpu,image
674,0.0829143524,cpu,image
675,0.0598926544,cpu,image
676,0.0965895653,cpu,image
677,0.0798976421,cpu,image
678,0.0662202835,cpu,image
679,0.0774474144,cpu,image
680,0.063657999,cpu,image
681,0.0723676682,cpu,image
682,0.0637323856,cpu,image
683,0.0794942379,cpu,image
684,0.063788414,cpu,image
685,0.0799016953,cpu,image
686,0.0652735233,cpu,image
687,0.0772573948,cpu,image
688,0.0631976128,cpu,image
689,0.079318285,cpu,image
690,0.072940588,cpu,image
691,0.0693974495,cpu,image
692,0.0657684803,cpu,image
693,0.0838429928,cpu,image
694,0.0732784271,cpu,image
695,0.0840678215,cpu,image
696,0.0749881268,cpu,image
697,0.0638096333,cpu,image
698,0.0789351463,cpu,image
699,0.0631787777,cpu,image
700,0.0639894009,cpu,image
701,0.0786166191,cpu,image
702,0.0635588169,cpu,image
703,0.0859649181,cpu,image
704,0.0723991394,cpu,image
705,0.0634393692,cpu,image
706,0.0792276859,cpu,image
707,0.0676703453,cpu,image
708,0.0751471519,cpu,image
709,0.0628042221,cpu,image
710,0.0796396732,cpu,image
711,0.0644481182,cpu,image
712,0.0778062344,cpu,image
713,0.0651125908,cpu,image
714,0.0770640373,cpu,image
715,0.0631279945,cpu,image
716,0.0774579048,cpu,image
717,0.0678782463,cpu,image
718,0.0769667625,cpu,image
719,0.0630495548,cpu,image
720,0.0790104866,cpu,image
721,0.0629572868,cpu,image
722,0.0855660439,cpu,image
723,0.0562486649,cpu,image
724,0.0794711113,cpu,image
725,0.0654940605,cpu,image
726,0.0815806389,cpu,image
727,0.0593986511,cpu,image
728,0.0797188282,cpu,image
729,0.064085722,cpu,image
730,0.0789635181,cpu,image
731,0.0643661022,cpu,image
732,0.0796639919,cpu,image
733,0.0727043152,cpu,image
734,0.0707697868,cpu,image
735,0.0792338848,cpu,image
736,0.0790035725,cpu,image
737,0.0632033348,cpu,image
738,0.0798578262,cpu,image
739,0.0631394386,cpu,image
740,0.0639548302,cpu,image
741,0.0816531181,cpu,image
742,0.0789139271,cpu,image
743,0.0633716583,cpu,image
744,0.0791275501,cpu,image
745,0.0636708736,cpu,image
746,0.0795793533,cpu,image
747,0.0638716221,cpu,image
748,0.0791785717,cpu,image
749,0.0794160366,cpu,image
750,0.063457489,cpu,image
751,0.0789489746,cpu,image
752,0.0636591911,cpu,image
753,0.0634667873,cpu,image
754,0.0794870853,cpu,image
755,0.0629992485,cpu,image
756,0.0797445774,cpu,image
757,0.0628204346,cpu,image
758,0.079441309,cpu,image
759,0.0680623055,cpu,image
760,0.0720188618,cpu,image
761,0.0646965504,cpu,image
762,0.0762438774,cpu,image
763,0.0634913445,cpu,image
